Name,State,Latitude,Longitude,Status,Commodity Group,Unnamed: 6,Unnamed: 7,Unnamed: 8,Unnamed: 9,Unnamed: 10,Mineral Type
Abercorn,QLD,-25.1351,151.1312,Mineral deposit,High Purity Alumina,,,,,,Rare Earth Elements (REE) and Specialty Elements
Adamsfield,TAS,-42.7279,146.3296,Mineral deposit,"Platinum Group Elements (PGE) , Cobalt , Nickel",,,,,,Other
Agricola,SA,-36.1867,139.6796,Operating mine,Magnesium,,,,,,Base Metals and Alloys
Albany,WA,-34.6968,118.5312,Mineral deposit,Silicon,,,,,,"Silica, Graphite, and Fluorine"
Ambergate,WA,-34.0271,115.129,Mineral deposit,Titanium,,,,,,Base Metals and Alloys
Andover,WA,-20.8545,117.1182,Mineral deposit,"Nickel , Cobalt , PGE",,,,,,Other
Anduramba,QLD,-27.1409,152.1079,Mineral deposit,"Molybdenum, Rhenium",,,,,,Other
Ant Hill,WA,-22.0909,120.595,Mine - care and maintenance,Manganese Ore,,,,,,Base Metals and Alloys
Anthony,QLD,-22.3107,147.2816,Mineral deposit,"Molybdenum, Rhenium",,,,,,Other
Area 55,NT,-13.0139,130.9674,Mineral deposit,"Nickel , Cobalt , PGE",,,,,,Other
Arrowmith Central,WA,-29.6561,115.1692,Mineral deposit,Silicon,,,,,,"Silica, Graphite, and Fluorine"
Arrowsmith North,WA,-29.5129,115.1104,Mineral deposit,Silicon,,,,,,"Silica, Graphite, and Fluorine"
Atacama,SA,-30.7906,132.2773,Mineral deposit,Titanium,,,,,,Base Metals and Alloys
Atlas,WA,-30.5382,115.2489,Mine - under development,Titanium,,,,,,Base Metals and Alloys
Atlas-Campaspe,NSW,-33.8833,143.35,Operating mine,Titanium,,,,,,Base Metals and Alloys
Attunga,NSW,-30.9167,150.9337,Mineral deposit,Tungsten,,,,,,Base Metals and Alloys
Australian Vanadium,WA,-26.9676,118.6463,Mine - under development,Titanium,,,,,,Base Metals and Alloys
Avebury,TAS,-41.9201,145.2485,Operating mine,"Nickel , Cobalt , PGE",,,,,,Other
Avonbank,VIC,-36.6370,142.3089,Mine - under development,Titanium,,,,,,Base Metals and Alloys
Baal Gammon,QLD,-17.3805,145.3269,Mine - care and maintenance,Indium,,,,,,Rare Earth Elements (REE) and Specialty Elements
Balcanoona,SA,-30.5271,139.3,Mineral deposit,Magnesium,,,,,,Base Metals and Alloys
Bald Hill,WA,-31.5198,122.1785,Operating mine,"Lithium , Tantalum , Niobium",,,,,,Other
Balla Balla,WA,-20.7660,117.7757,Mineral deposit,Titanium,,,,,,Base Metals and Alloys
Balranald,NSW,-34.4599,143.4612,Mine - under development,Titanium,,,,,,Base Metals and Alloys
Bandalup,WA,-33.6086,120.3583,Mineral deposit,Magnesium,,,,,,Base Metals and Alloys
Barbara,QLD,-20.4206,139.8517,Mine - care and maintenance,Cobalt,,,,,,Rare Earth Elements (REE) and Specialty Elements
Barnes Hill,TAS,-41.2212,146.7726,Mineral deposit,"Nickel , Cobalt , PGE",,,,,,Other
Barrambie,WA,-27.4332,119.1211,Mine - under development,Titanium,,,,,,Base Metals and Alloys
Barrow Creek,NT,-21.5167,134.15,Mineral deposit,"Nickel , Cobalt , PGE",,,,,,Other
Barton,SA,-30.5293,132.6789,Mineral deposit,Titanium,,,,,,Base Metals and Alloys
Basil,NT,-23.4129,135.3134,Mineral deposit,Cobalt,,,,,,Rare Earth Elements (REE) and Specialty Elements
Beharra,WA,-29.4360,115.1115,Mineral deposit,Silicon,,,,,,"Silica, Graphite, and Fluorine"
Ben Lomond,QLD,-19.3770,146.3,Mineral deposit,"Molybdenum, Rhenium",,,,,,Other
Beta Hunt,WA,-31.2403,121.6939,Operating mine,"Nickel , Cobalt , PGE",,,,,,Other
Beyondie,WA,-23.1187,120.5514,Mineral deposit,Manganese Ore,,,,,,Base Metals and Alloys
Bidaminna,WA,-31.1005,115.6034,Mineral deposit,Titanium,,,,,,Base Metals and Alloys
Bielsdown,NSW,-30.2256,152.7203,Mineral deposit,Antimony,,,,,,Rare Earth Elements (REE) and Specialty Elements
Big Hill-Cookes Creek,WA,-21.6558,120.4625,Mineral deposit,Tungsten,,,,,,Base Metals and Alloys
Bigrlyi,NT,-22.2202,131.0432,Mineral deposit,Vanadium,,,,,,Base Metals and Alloys
Birthday Gift-Triangle,NSW,-33.4838,142.9037,Mineral deposit,Titanium,,,,,,Base Metals and Alloys
Black Swan,WA,-30.3934,121.652,Mine - care and maintenance,"Nickel , Cobalt , PGE",,,,,,Other
Blackwater,TAS,-41.1101,144.9469,Operating mine,Silicon,,,,,,"Silica, Graphite, and Fluorine"
Blue Spec,WA,-21.8209,120.273,Mine - under development,Antimony,,,,,,Rare Earth Elements (REE) and Specialty Elements
Bold Head,TAS,-40.0260,144.0669,Mineral deposit,Tungsten,,,,,,Base Metals and Alloys
Boonanarring,WA,-31.2237,115.8346,Operating mine,Titanium,,,,,,Base Metals and Alloys
Bootu Creek,NT,-18.6998,134.1258,Mine - care and maintenance,Manganese Ore,,,,,,Base Metals and Alloys
Bowry Creek,TAS,-41.5584,145.171,Mineral deposit,Magnesium,,,,,,Base Metals and Alloys
Broadhurst,WA,-22.2293,122.218,Mineral deposit,Cobalt,,,,,,Rare Earth Elements (REE) and Specialty Elements
Brockman,WA,-18.3209,127.7837,Mineral deposit,"REE, Zirconium, Niobium, , Hafnium, Lithium, Tantalum, Gallium",,,,,,Other
Broken Hill,NSW,-32.0564,141.7906,Mineral deposit,Cobalt,,,,,,Rare Earth Elements (REE) and Specialty Elements
Broken Hill Cobalt,NSW,-32.0930,141.1938,Mineral deposit,"Nickel , Cobalt , PGE",,,,,,Other
Brolga,QLD,-23.0302,150.3,Mineral deposit,"Nickel , Cobalt , PGE",,,,,,Other
Browns,NT,-12.9939,130.9975,Mineral deposit,"Nickel , Cobalt , PGE",,,,,,Other
Browns Range,WA,-18.8595,128.9398,Mine - care and maintenance,Rare Earth Elements (REE),,,,,,Other
Bryah Basin,WA,-25.4252,118.4333,Mineral deposit,Manganese Ore,,,,,,Base Metals and Alloys
Buldania,WA,-32.0695,122.0916,Mineral deposit,"Lithium , Tantalum , Niobium",,,,,,Other
Bulong,WA,-30.6904,121.822,Mineral deposit,"Nickel , Cobalt , PGE",,,,,,Other
Bungalally,VIC,-36.8002,142.2488,Mineral deposit,Titanium,,,,,,Base Metals and Alloys
Bungonia,NSW,-34.7977,149.8714,Mineral deposit,Cobalt,,,,,,Rare Earth Elements (REE) and Specialty Elements
Burke,QLD,-19.6149,140.217,Mineral deposit,Graphite,,,,,,"Silica, Graphite, and Fluorine"
Burns Central,WA,-31.1823,122.026,Mineral deposit,Cobalt,,,,,,Rare Earth Elements (REE) and Specialty Elements
Burracoppin,WA,-31.6973,118.712,Mineral deposit,Rare Earth Elements (REE),,,,,,Other
Butcherbird-Yanneri,WA,-24.4082,119.7068,Operating mine,Manganese Ore,,,,,,Base Metals and Alloys
Byro East,WA,-26.0323,116.3791,Mineral deposit,"Nickel , Cobalt , PGE",,,,,,Other
Cadia East,NSW,-33.4650,149.0123,Operating mine,"Molybdenum, Rhenium",,,,,,Other
Cadoux,WA,-30.6772,117.193,Mine - under development,High Purity Alumina,,,,,,Rare Earth Elements (REE) and Specialty Elements
Callisto,WA,-32.0980,121.6546,Mineral deposit,"Platinum Group Elements (PGE) , Cobalt , Nickel",,,,,,Other
Camel Creek,QLD,-18.8169,145.5625,Mineral deposit,Antimony,,,,,,Rare Earth Elements (REE) and Specialty Elements
Camel Flat,SA,-30.5649,138.3703,Mineral deposit,Magnesium,,,,,,Base Metals and Alloys
Camelback Bore,WA,-29.1732,122.2539,Mineral deposit,"Nickel , Cobalt , PGE",,,,,,Other
Campoona,SA,-33.5279,136.479,Mineral deposit,Graphite,,,,,,"Silica, Graphite, and Fluorine"
Canegrass,WA,-30.2046,120.9849,Mineral deposit,"Nickel , Cobalt , PGE",,,,,,Other
Canegrass,WA,-28.3571,118.4011,Mineral deposit,Vanadium,,,,,,Base Metals and Alloys
Cangai,NSW,-29.5001,152.4897,Mineral deposit,Cobalt,,,,,,Rare Earth Elements (REE) and Specialty Elements
Canoona,QLD,-23.0797,150.2659,Mineral deposit,"Nickel , Cobalt , PGE",,,,,,Other
Cape Flattery,QLD,-14.9600,145.33,Mineral deposit,Silicon,,,,,,"Silica, Graphite, and Fluorine"
Cape Flattery,QLD,-14.9850,145.3228,Operating mine,Silicon,,,,,,"Silica, Graphite, and Fluorine"
Capricorn Copper,QLD,-19.6975,139.3659,Operating mine,Cobalt,,,,,,Rare Earth Elements (REE) and Specialty Elements
Caravel,WA,-30.9696,116.6188,Mineral deposit,"Molybdenum, Rhenium",,,,,,Other
Carboona,NSW,-35.8249,147.7237,Mineral deposit,Fluorine,,,,,,"Silica, Graphite, and Fluorine"
Carlingup,WA,-33.5727,120.2209,Mineral deposit,"Nickel , Cobalt , PGE",,,,,,Other
Carlow Castle,WA,-20.8108,117.0665,Mineral deposit,Cobalt,,,,,,Rare Earth Elements (REE) and Specialty Elements
Carr Boyd,WA,-30.0659,121.6261,Mineral deposit,"Platinum Group Elements (PGE) , Cobalt , Nickel",,,,,,Other
Cassini,WA,-31.7009,121.6211,Operating mine,"Nickel , Cobalt , PGE",,,,,,Other
Cataby,WA,-30.7351,115.5387,Operating mine,Titanium,,,,,,Base Metals and Alloys
Cawse,WA,-30.3689,121.1485,Mine - care and maintenance,"Nickel , Cobalt , PGE",,,,,,Other
Celia,NT,-13.0316,131.0649,Mineral deposit,Magnesium,,,,,,Base Metals and Alloys
Champion Road,TAS,-41.1265,145.4345,Mineral deposit,Silicon,,,,,,"Silica, Graphite, and Fluorine"
Charley Creek,NT,-23.5011,132.8747,Mineral deposit,Titanium,,,,,,Base Metals and Alloys
Circle Valley,WA,-32.9921,121.891,Mineral deposit,Rare Earth Elements (REE),,,,,,Other
Claude Hills,SA,-26.0110,129.1756,Mineral deposit,"Nickel , Cobalt , PGE",,,,,,Other
Cleveland,TAS,-41.4770,145.385,Mineral deposit,Tungsten,,,,,,Base Metals and Alloys
Cliffs,WA,-27.3105,120.5528,Operating mine,"Nickel , Cobalt , PGE",,,,,,Other
Coates,WA,-31.7425,116.4129,Mineral deposit,Vanadium,,,,,,Base Metals and Alloys
Coburn,WA,-26.7038,114.127,Operating mine,Titanium,,,,,,Base Metals and Alloys
Coglia,WA,-29.0110,122.9884,Mineral deposit,"Nickel , Cobalt , PGE",,,,,,Other
Conrad,NSW,-29.9549,151.0244,Mineral deposit,Indium,,,,,,Rare Earth Elements (REE) and Specialty Elements
Contact,WA,-22.2637,121.1711,Mineral deposit,Manganese Ore,,,,,,Base Metals and Alloys
Cooljarloo,WA,-30.6352,115.4242,Operating mine,Titanium,,,,,,Base Metals and Alloys
Coolup,WA,-32.7229,115.9411,Mineral deposit,Titanium,,,,,,Base Metals and Alloys
Copernicus,WA,-17.6588,127.991,Mineral deposit,"Nickel , Cobalt , PGE",,,,,,Other
Copi,NSW,-33.6199,141.3496,Mineral deposit,Titanium,,,,,,Base Metals and Alloys
Copperhead,QLD,-20.5400,148.31,Mineral deposit,"Molybdenum, Rhenium",,,,,,Other
Corella,QLD,-20.7175,140.2068,Mineral deposit,Graphite,,,,,,"Silica, Graphite, and Fluorine"
Corinna,TAS,-41.6224,145.112,Operating mine,Silicon,,,,,,"Silica, Graphite, and Fluorine"
Corkwood,WA,-17.2950,128.1877,Mineral deposit,"Nickel , Cobalt , PGE",,,,,,Other
Coronation Dam,WA,-29.5235,122.2705,Mineral deposit,"Nickel , Cobalt , PGE",,,,,,Other
Coronation Hill,NT,-13.5862,132.6074,Mineral deposit,"Platinum Group Elements (PGE) , Cobalt , Nickel",,,,,,Other
Cosmos ,WA,-27.6003,120.5763,Mine - under development,"Nickel , Cobalt , PGE",,,,,,Other
Costerfield,VIC,-36.8901,144.791,Operating mine,Antimony,,,,,,Rare Earth Elements (REE) and Specialty Elements
Cowalinya,WA,-32.9100,122.29,Mineral deposit,Rare Earth Elements (REE),,,,,,Other
Creswick,VIC,-37.3204,143.8943,Mineral deposit,Silicon,,,,,,"Silica, Graphite, and Fluorine"
Cummins Range,WA,-19.2849,127.1666,Mineral deposit,Rare Earth Elements (REE),,,,,,Other
Cyclone,WA,-28.8171,128.7322,Mine - under development,Titanium,,,,,,Base Metals and Alloys
Cylinder-Karra,NSW,-34.1419,143.0801,Mineral deposit,Titanium,,,,,,Base Metals and Alloys
Debella,QLD,-19.9586,141.889,Mineral deposit,Vanadium,,,,,,Base Metals and Alloys
Deep Leads,TAS,-41.4600,146.74,Mineral deposit,Rare Earth Elements (REE),,,,,,Other
Desolation,QLD,-21.0479,140.5565,Mineral deposit,Cobalt,,,,,,Rare Earth Elements (REE) and Specialty Elements
Diggers Area,WA,-32.7158,119.8104,Mineral deposit,"Nickel , Cobalt , PGE",,,,,,Other
Dolphin,TAS,-40.0533,144.0587,Operating mine,Tungsten,,,,,,Base Metals and Alloys
Donald,VIC,-36.4994,142.7815,Mine - under development,Titanium,,,,,,Base Metals and Alloys
Dongara,WA,-29.4315,115.1429,Mineral deposit,Titanium,,,,,,Base Metals and Alloys
Dubbo,NSW,-32.4643,148.6235,Mine - under development,"REE, Zirconium, Niobium, , Hafnium, Lithium, Tantalum, Gallium",,,,,,Other
Earaheedy,WA,-25.6570,120.6262,Mineral deposit,Manganese Ore,,,,,,Base Metals and Alloys
East Cooee,WA,-31.3444,121.7889,Mineral deposit,"Nickel , Cobalt , PGE",,,,,,Other
East Scotia,WA,-31.1823,121.457,Mineral deposit,"Nickel , Cobalt , PGE",,,,,,Other
Eastern Hills,WA,-22.8362,116.1233,Mineral deposit,Antimony,,,,,,Rare Earth Elements (REE) and Specialty Elements
Elaine Dorothy,QLD,-20.8028,140.0228,Mineral deposit,Rare Earth Elements (REE),,,,,,Other
Emmie Bluff,SA,-31.1051,137.1544,Mineral deposit,Cobalt,,,,,,Rare Earth Elements (REE) and Specialty Elements
Enacheddong Creek,WA,-22.1312,121.1978,Mineral deposit,Manganese Ore,,,,,,Base Metals and Alloys
Eneabba stockpile,WA,-29.8881,115.3037,Operating mine,Titanium,,,,,,Base Metals and Alloys
Ernest Henry,QLD,-20.4447,140.7058,Operating mine,Cobalt,,,,,,Rare Earth Elements (REE) and Specialty Elements
Eulogie,QLD,-23.8453,150.4344,Mineral deposit,Vanadium,,,,,,Base Metals and Alloys
Faraday,WA,-31.4844,121.5327,Mineral deposit,"Lithium , Tantalum , Niobium",,,,,,Other
Fingerboards,VIC,-37.7909,147.3112,Mineral deposit,Titanium,,,,,,Base Metals and Alloys
Finniss,NT,-12.6667,130.7775,Operating mine,"Lithium , Tantalum , Niobium",,,,,,Other
Fisher East,WA,-26.8035,121.5537,Mineral deposit,"Nickel , Cobalt , PGE",,,,,,Other
Flanagan Bore,WA,-22.9701,120.8394,Mineral deposit,Manganese Ore,,,,,,Base Metals and Alloys
Flemington,NSW,-32.7431,147.3926,Mineral deposit,"Scandium , Cobalt , PGE , Nickel",,,,,,Other
Flying Fox,WA,-32.4185,119.689,Operating mine,"Nickel , Cobalt , PGE",,,,,,Other
Foster-Baker,WA,-31.3480,121.7965,Mineral deposit,"Nickel , Cobalt , PGE",,,,,,Other
Four Corners ,WA,-29.3144,120.6,Mineral deposit,"Nickel , Cobalt , PGE",,,,,,Other
Frost,WA,-30.0584,121.64,Mineral deposit,"Nickel , Cobalt , PGE",,,,,,Other
Gabanintha,WA,-26.9418,118.6325,Mine - under development,Titanium,,,,,,Base Metals and Alloys
Galalar,QLD,-15.3170,145.2779,Mineral deposit,Silicon,,,,,,"Silica, Graphite, and Fluorine"
Galileo,VIC,-34.9608,142.428,Mineral deposit,Titanium,,,,,,Base Metals and Alloys
Gallipoli,NSW,-33.4711,142.3353,Mineral deposit,Titanium,,,,,,Base Metals and Alloys
Ghan Well,WA,-28.8710,122.132,Mineral deposit,"Nickel , Cobalt , PGE",,,,,,Other
Ghost Rocks,WA,-29.5275,120.8713,Mineral deposit,"Nickel , Cobalt , PGE",,,,,,Other
Gibson,WA,-33.5960,122.0053,Mineral deposit,High Purity Alumina,,,,,,Rare Earth Elements (REE) and Specialty Elements
Gilligans,NSW,-33.6674,142.0185,Mineral deposit,Titanium,,,,,,Base Metals and Alloys
Ginkgo-Crayfish-Snapper,NSW,-33.3659,142.2247,Operating mine,Titanium,,,,,,Base Metals and Alloys
Glen Eden,NSW,-29.6227,151.8637,Mineral deposit,Tungsten,,,,,,Base Metals and Alloys
Glenella,NSW,-33.9509,148.8305,Mineral deposit,Silicon,,,,,,"Silica, Graphite, and Fluorine"
Golden Ridge,WA,-30.9106,121.7167,Mineral deposit,"Nickel , Cobalt , PGE",,,,,,Other
Goodyear Nickel,WA,-31.0363,121.8035,Mineral deposit,"Nickel , Cobalt , PGE",,,,,,Other
Goondicum Crater,QLD,-24.8557,151.4339,Mineral deposit,Titanium,,,,,,Base Metals and Alloys
Goongarrie,WA,-30.0085,121.1476,Mineral deposit,"Scandium , Cobalt , PGE , Nickel",,,,,,Other
Goschen,VIC,-35.5599,143.5316,Mine - under development,Titanium,,,,,,Base Metals and Alloys
Goschen Central,VIC,-35.8787,143.3567,Mineral deposit,Titanium,,,,,,Base Metals and Alloys
Governor Broome,WA,-34.2438,115.3993,Mineral deposit,Titanium,,,,,,Base Metals and Alloys
Great Australia Complex,QLD,-20.7206,140.5105,Mine - care and maintenance,Cobalt,,,,,,Rare Earth Elements (REE) and Specialty Elements
Great White,SA,-32.8286,134.7393,Mineral deposit,High Purity Alumina,,,,,,Rare Earth Elements (REE) and Specialty Elements
Greenbushes,WA,-33.8558,116.0668,Operating mine,"Lithium , Tantalum , Niobium",,,,,,Other
Greenmount,QLD,-21.0255,140.5297,Mineral deposit,Cobalt,,,,,,Rare Earth Elements (REE) and Specialty Elements
Grey Dam,WA,-30.4721,122.1492,Mineral deposit,"Nickel , Cobalt , PGE",,,,,,Other
Griffiths Hill,QLD,-17.1212,144.408,Mineral deposit,"Molybdenum, Rhenium",,,,,,Other
Groote Eylandt,NT,-13.9922,136.4455,Operating mine,Manganese Ore,,,,,,Base Metals and Alloys
Gunnawarra,QLD,-17.9485,145.1396,Mineral deposit,"Nickel , Cobalt , PGE",,,,,,Other
Halidon,SA,-34.8596,140.132,Mineral deposit,Titanium,,,,,,Base Metals and Alloys
Hammerhead,SA,-32.7737,134.752,Mineral deposit,High Purity Alumina,,,,,,Rare Earth Elements (REE) and Specialty Elements
Hampton,WA,-30.4663,122.0392,Mineral deposit,"Nickel , Cobalt , PGE",,,,,,Other
Happy Valley,WA,-33.5499,115.7162,Mineral deposit,Titanium,,,,,,Base Metals and Alloys
Hassell Beach,WA,-34.7737,118.416,Mineral deposit,Titanium,,,,,,Base Metals and Alloys
Hatches Creek,NT,-20.8861,135.188,Mineral deposit,Tungsten,,,,,,Base Metals and Alloys
Hawkes Creek,TAS,-41.0960,144.8844,Operating mine,Silicon,,,,,,"Silica, Graphite, and Fluorine"
Hawkwood,QLD,-25.7881,150.8528,Mineral deposit,Titanium,,,,,,Base Metals and Alloys
Hillgrove,NSW,-30.5745,151.9009,Mine - care and maintenance,Antimony,,,,,,Rare Earth Elements (REE) and Specialty Elements
HJ Reef,QLD,-20.6746,140.4772,Mineral deposit,Silicon,,,,,,"Silica, Graphite, and Fluorine"
Holbrook,NSW,-35.7165,147.3616,Mineral deposit,"Molybdenum, Rhenium",,,,,,Other
Home of Bullion,NT,-21.5127,134.1564,Mineral deposit,Cobalt,,,,,,Rare Earth Elements (REE) and Specialty Elements
Homeville,NSW,-32.0105,147.0487,Mineral deposit,"Nickel , Cobalt , PGE",,,,,,Other
Honeymoon Well,WA,-26.9200,120.379,Mineral deposit,"Nickel , Cobalt , PGE",,,,,,Other
Hopelands East,WA,-32.3963,115.907,Mineral deposit,Titanium,,,,,,Base Metals and Alloys
Horseshoe,QLD,-20.9639,140.2842,Mineral deposit,Cobalt,,,,,,Rare Earth Elements (REE) and Specialty Elements
Huandot,NT,-13.0029,131.1036,Mineral deposit,Magnesium,,,,,,Base Metals and Alloys
Hurlls Hill,NSW,-31.4809,152.8674,Mineral deposit,"Scandium , Cobalt , PGE , Nickel",,,,,,Other
Irwin-Coglia,WA,-29.1547,123.046,Mineral deposit,"Nickel , Cobalt , PGE",,,,,,Other
Isabel (Herberton),QLD,-17.3856,145.3632,Mineral deposit,Indium,,,,,,Rare Earth Elements (REE) and Specialty Elements
Jacinth-Ambrosia,SA,-30.9076,132.2203,Operating mine,Titanium,,,,,,Base Metals and Alloys
Jamieson Tank,SA,-33.4720,136.3237,Mineral deposit,Manganese Ore,,,,,,Base Metals and Alloys
Jasper Block,QLD,-20.6883,140.5143,Mineral deposit,Cobalt,,,,,,Rare Earth Elements (REE) and Specialty Elements
Jaws,NSW, -33.8565,142.0609,Mineral deposit,Titanium,,,,,,Base Metals and Alloys
Jericho,WA,-27.3899,120.5755,Mineral deposit,"Nickel , Cobalt , PGE",,,,,,Other
Jimberlana,WA,-32.2370,120.4542,Mineral deposit,"Nickel , Cobalt , PGE",,,,,,Other
John Galt,WA,-17.3458,128.2013,Mineral deposit,Rare Earth Elements (REE),,,,,,Other
John Hill,QLD,-24.6961,150.8603,Mineral deposit,"Molybdenum, Rhenium",,,,,,Other
Julia Creek,QLD,-20.6391,141.859,Mineral deposit,Vanadium,,,,,,Base Metals and Alloys
Julimar,WA,-31.5216,116.2102,Mineral deposit,"Platinum Group Elements (PGE) , Cobalt , Nickel",,,,,,Other
Jurien,WA,-30.3447,115.1773,Mineral deposit,Titanium,,,,,,Base Metals and Alloys
Kalkaroo,SA,-31.7290,140.525,Mineral deposit,"Molybdenum, Rhenium",,,,,,Other
Kalman,QLD,-21.0459,139.967,Mineral deposit,"Molybdenum, Rhenium",,,,,,Other
Kara,TAS,-41.3096,145.7746,Operating mine,Tungsten,,,,,,Base Metals and Alloys
Kara No. 2,TAS,-41.3105,145.8404,Mineral deposit,Tungsten,,,,,,Base Metals and Alloys
Kathleen Valley,WA,-27.4694,120.5581,Mine - under development,"Lithium , Tantalum , Niobium",,,,,,Other
Kemerton,WA,-33.1781,115.7441,Mineral deposit,Titanium,,,,,,Base Metals and Alloys
Kerrigan-Bradley,WA,-32.6608,118.8313,Mineral deposit,High Purity Alumina,,,,,,Rare Earth Elements (REE) and Specialty Elements
Keysbrook,WA,-32.4687,115.9424,Operating mine,Titanium,,,,,,Base Metals and Alloys
Kiaka Hills ,WA ,-30.4529,116.0984,Mineral deposit,Silicon,,,,,,"Silica, Graphite, and Fluorine"
Kilba,WA,-22.7797,115.5524,Mineral deposit,Tungsten,,,,,,Base Metals and Alloys
King Island Tailings,TAS,-40.0472,144.0734,Mineral deposit,Tungsten,,,,,,Base Metals and Alloys
King Tamba,WA,-27.7108,117.2169,Mineral deposit,"Lithium , Tantalum , Niobium",,,,,,Other
Kookaburra Gully,SA,-34.4002,135.9107,Mineral deposit,Graphite,,,,,,"Silica, Graphite, and Fluorine"
Koppamurra,SA,-36.8278,140.8489,Mineral deposit,Rare Earth Elements (REE),,,,,,Other
Koppio,SA,-34.4274,135.9072,Mineral deposit,Graphite,,,,,,"Silica, Graphite, and Fluorine"
Korella,QLD,-21.9388,139.9757,Mineral deposit,Rare Earth Elements (REE),,,,,,Other
Kulwin-Woornack,VIC,-35.0568,142.632,Mineral deposit,Titanium,,,,,,Base Metals and Alloys
Kunwarara,QLD,-22.8814,150.1869,Operating mine,Magnesium,,,,,,Base Metals and Alloys
Kuridala,QLD,-21.2751,140.506,Mineral deposit,Cobalt,,,,,,Rare Earth Elements (REE) and Specialty Elements
Lagoon Hill,QLD,-23.0744,150.2192,Mineral deposit,"Nickel , Cobalt , PGE",,,,,,Other
Lake Hope,WA,-32.4100,120.25,Mineral deposit,High Purity Alumina,,,,,,Rare Earth Elements (REE) and Specialty Elements
Lake Maitland,WA,-27.1772,121.0819,Mine - under development,Vanadium,,,,,,Base Metals and Alloys
Lake Rebecca,WA,-30.0655,122.357,Mineral deposit,"Nickel , Cobalt , PGE",,,,,,Other
Lanfranchi,WA,-31.5055,121.8429,Mine - care and maintenance,"Nickel , Cobalt , PGE",,,,,,Other
Larkin Find,WA,-29.4663,122.2577,Mineral deposit,"Nickel , Cobalt , PGE",,,,,,Other
Lava Plains,QLD,-18.4363,144.7563,Mineral deposit,High Purity Alumina,,,,,,Rare Earth Elements (REE) and Specialty Elements
Lawlers,WA,-28.0967,120.6405,Mineral deposit,Magnesium,,,,,,Base Metals and Alloys
Leinster,WA,-28.1674,120.9166,Operating mine,"Nickel , Cobalt , PGE",,,,,,Other
Lighthouse,QLD,-18.3944,144.1733,Mine - care and maintenance,Silicon,,,,,,"Silica, Graphite, and Fluorine"
Lucky Bay,WA,-28.0294,114.1831,Operating mine,Titanium,,,,,,Base Metals and Alloys
Lucky Break,QLD,-19.4796,145.6908,Mineral deposit,"Nickel , Cobalt , PGE",,,,,,Other
Lyons,WA,-23.9875,116.3505,Mineral deposit,Rare Earth Elements (REE),,,,,,Other
Lyons River,TAS,-41.2185,145.4014,Mineral deposit,Magnesium,,,,,,Base Metals and Alloys
Maggie Hays,WA,-32.2225,120.517,Mine - care and maintenance,"Nickel , Cobalt , PGE",,,,,,Other
Main Creek,TAS,-41.5398,145.1618,Mineral deposit,Magnesium,,,,,,Base Metals and Alloys
Maitland,QLD,-18.9763,144.4036,Mineral deposit,"Molybdenum, Rhenium",,,,,,Other
Malinda,WA,-24.5056,116.2722,Mineral deposit,"Lithium , Tantalum , Niobium",,,,,,Other
Mangaroon,WA,-23.9560,116.033,Mineral deposit,Rare Earth Elements (REE),,,,,,Other
Manna,WA,-30.8700,122.53,Mineral deposit,"Lithium , Tantalum , Niobium",,,,,,Other
Maralla Road,WA,-31.7388,115.9704,Operating mine,Silicon,,,,,,"Silica, Graphite, and Fluorine"
Marble Bar,WA,-21.1881,119.864,Mineral deposit,"Lithium , Tantalum , Niobium",,,,,,Other
Maroochydore,WA,-22.1991,122.3141,Mineral deposit,Cobalt,,,,,,Rare Earth Elements (REE) and Specialty Elements
Marriott,WA,-28.4491,120.9915,Mineral deposit,"Nickel , Cobalt , PGE",,,,,,Other
Mary Kathleen,QLD,-20.7155,140.004,Mineral deposit,Rare Earth Elements (REE),,,,,,Other
Massidon,NSW,-33.1306,141.3444,Mineral deposit,Titanium,,,,,,Base Metals and Alloys
Maureen,QLD,-18.0030,143.427,Mineral deposit,"Molybdenum, Rhenium",,,,,,Other
Mawson,WA,-30.7375,124.4468,Mineral deposit,"Nickel , Cobalt , PGE",,,,,,Other
May Downs,Qld ,-20.6570,139.4149,Mineral deposit,Silicon,,,,,,"Silica, Graphite, and Fluorine"
Maydena,TAS,-42.7768,146.5894,Mineral deposit,Silicon,,,,,,"Silica, Graphite, and Fluorine"
McCabe,QLD,-21.0673,140.4894,Mineral deposit,Cobalt,,,,,,Rare Earth Elements (REE) and Specialty Elements
McCalls,WA,-30.9578,115.9294,Mineral deposit,Titanium,,,,,,Base Metals and Alloys
McIntosh,WA,-17.6111,127.9626,Mineral deposit,Graphite,,,,,,"Silica, Graphite, and Fluorine"
Meckering,WA,-31.6847,117.0608,Mineral deposit,High Purity Alumina,,,,,,Rare Earth Elements (REE) and Specialty Elements
Medcalf,WA,-32.5338,120.7931,Mineral deposit,Titanium,,,,,,Base Metals and Alloys
Meecharra,WA,-22.0766,120.4043,Mineral deposit,Manganese Ore,,,,,,Base Metals and Alloys
Meentheena,WA,-21.2368,120.4742,Mineral deposit,Fluorine,,,,,,"Silica, Graphite, and Fluorine"
Melba Flats,TAS,-41.8500,145.3833,Mineral deposit,"Nickel , Cobalt , PGE",,,,,,Other
Mercury,VIC,-34.8989,142.3522,Mineral deposit,Titanium,,,,,,Base Metals and Alloys
Merlin,QLD,-21.6533,140.4931,Mine - care and maintenance,"Molybdenum, Rhenium",,,,,,Other
MG14,SA,-31.4346,137.1509,Mineral deposit,Cobalt,,,,,,Rare Earth Elements (REE) and Specialty Elements
Millennium,QLD,-20.5968,140.1943,Mineral deposit,Cobalt,,,,,,Rare Earth Elements (REE) and Specialty Elements
Milo,QLD,-20.7587,140.2222,Mineral deposit,Rare Earth Elements (REE),,,,,,Other
Mindarie,SA,-34.7563,140.1389,Mine - under development,Titanium,,,,,,Base Metals and Alloys
Mindijup,WA,-34.7689,118.0768,Operating mine,Silicon,,,,,,"Silica, Graphite, and Fluorine"
Mineral Patch Hill,WA,-29.0369,122.9846,Mineral deposit,"Nickel , Cobalt , PGE",,,,,,Other
Miriam,WA,-31.0712,121.0878,Mineral deposit,"Nickel , Cobalt , PGE",,,,,,Other
Mission Sill,WA,-32.2016,121.6646,Mineral deposit,"Nickel , Cobalt , PGE",,,,,,Other
Mitre Hill,VIC,-37.2254,140.996,Mineral deposit,Rare Earth Elements (REE),,,,,,Other
Moina,TAS,-41.4885,146.0802,Mineral deposit,Tungsten,,,,,,Base Metals and Alloys
Molyhil,NT,-22.7589,135.7503,Mine - under development,Tungsten,,,,,,Base Metals and Alloys
Monogorilby,QLD,-26.0644,151.0263,Mineral deposit,Titanium,,,,,,Base Metals and Alloys
Moora,WA,-30.5153,116.0345,Operating mine,Silicon,,,,,,"Silica, Graphite, and Fluorine"
Mount Cannindah,QLD,-24.6697,151.2734,Mineral deposit,"Molybdenum, Rhenium",,,,,,Other
Mount Carbine,QLD,-16.5241,145.1321,Operating mine,Tungsten,,,,,,Base Metals and Alloys
Mount Cattlin,WA,-33.5625,120.034,Operating mine,"Lithium , Tantalum , Niobium",,,,,,Other
Mount Cobalt,QLD,-26.1962,152.2759,Mineral deposit,"Nickel , Cobalt , PGE",,,,,,Other
Mount Deans,WA,-32.3045,121.7851,Mineral deposit,"Lithium , Tantalum , Niobium",,,,,,Other
Mount Dromedary,QLD,-19.6180,140.216,Mineral deposit,Graphite,,,,,,"Silica, Graphite, and Fluorine"
Mount Fitch,NT,-12.9468,130.9483,Mineral deposit,"Nickel , Cobalt , PGE",,,,,,Other
Mount Holland,WA,-32.0876,119.7485,Mine - under development,"Lithium , Tantalum , Niobium",,,,,,Other
Mount Hope,SA,-34.1629,135.3798,Mineral deposit,High Purity Alumina,,,,,,Rare Earth Elements (REE) and Specialty Elements
Mount Hutton,SA,-30.4890,138.302,Mineral deposit,Magnesium,,,,,,Base Metals and Alloys
Mount Ida,WA,-29.0940,120.461,Mineral deposit,"Lithium , Tantalum , Niobium",,,,,,Other
Mount Isa,QLD,-20.7434,139.4783,Operating mine,Cobalt,,,,,,Rare Earth Elements (REE) and Specialty Elements
Mount Jewell,WA,-30.1804,121.456,Mineral deposit,"Nickel , Cobalt , PGE",,,,,,Other
Mount Keith,WA,-27.2296,120.5417,Operating mine,"Nickel , Cobalt , PGE",,,,,,Other
Mount Lindsay,TAS,-41.6973,145.3286,Mineral deposit,Tungsten,,,,,,Base Metals and Alloys
Mount Margaret,WA,-28.3119,120.9861,Mineral deposit,"Nickel , Cobalt , PGE",,,,,,Other
Mount Marion,WA,-31.0738,121.4611,Operating mine,"Lithium , Tantalum , Niobium",,,,,,Other
Mount Martin,WA,-31.0089,121.68,Mineral deposit,"Nickel , Cobalt , PGE",,,,,,Other
Mount Mulcahy,WA,-27.0534,117.697,Mineral deposit,Cobalt,,,,,,Rare Earth Elements (REE) and Specialty Elements
Mount Mulgine,WA,-29.1785,116.9774,Mineral deposit,Tungsten,,,,,,Base Metals and Alloys
Mount Oxide,QLD,-19.4787,139.3883,Mineral deposit,Cobalt,,,,,,Rare Earth Elements (REE) and Specialty Elements
Mount Paynter,NSW,-35.9004,147.6301,Mineral deposit,Tungsten,,,,,,Base Metals and Alloys
Mount Peak,QLD,-21.6290,133.2954,Mineral deposit,Titanium,,,,,,Base Metals and Alloys
Mount Playfair,SA,-30.3980,138.2124,Mineral deposit,Magnesium,,,,,,Base Metals and Alloys
Mount Rove,WA,-22.0418,120.7972,Mineral deposit,Manganese Ore,,,,,,Base Metals and Alloys
Mount Sholl,WA,-20.9123,116.8921,Mineral deposit,"Nickel , Cobalt , PGE",,,,,,Other
Mount Tabor,QLD,-25.0566,147.5774,Mineral deposit,Cobalt,,,,,,Rare Earth Elements (REE) and Specialty Elements
Mount Thirsty,WA,-32.1019,121.6478,Mineral deposit,"Nickel , Cobalt , PGE",,,,,,Other
Mount Weld,WA,-28.8599,122.5475,Operating mine,"REE, Zirconium, Niobium, , Hafnium, Lithium, Tantalum, Gallium",,,,,,Other
Mount Windarra,WA,-28.4852,122.233,Mine - care and maintenance,"Nickel , Cobalt , PGE",,,,,,Other
Muchea,WA,-31.4946,115.8822,Mineral deposit,Silicon,,,,,,"Silica, Graphite, and Fluorine"
Mulga Downs,WA,-22.1084,118.5722,Mineral deposit,Manganese Ore,,,,,,Base Metals and Alloys
Mulga Rock,WA,-29.9043,123.592,Mineral deposit,"Scandium , Cobalt , PGE , Nickel",,,,,,Other
Munglinup,WA,-33.6635,120.8586,Mine - under development,Graphite,,,,,,"Silica, Graphite, and Fluorine"
Munni Munni,WA,-21.1170,116.8296,Mineral deposit,"Platinum Group Elements (PGE) , Cobalt , Nickel",,,,,,Other
Murrin Murrin,WA,-28.7668,121.893,Operating mine,"Nickel , Cobalt , PGE",,,,,,Other
Mutooroo,SA,-32.2496,140.938,Mineral deposit,Cobalt,,,,,,Rare Earth Elements (REE) and Specialty Elements
Myrtle Springs,SA,-30.4169,138.2258,Operating mine,Magnesium,,,,,,Base Metals and Alloys
Nanadie Well,WA,-27.1599,118.9485,Mineral deposit,"Nickel , Cobalt , PGE",,,,,,Other
Narraburra,NSW,-34.3162,147.5551,Mineral deposit,"REE, Zirconium, Niobium, , Hafnium, Lithium, Tantalum, Gallium",,,,,,Other
Nebo-Babel,WA,-26.0954,127.7274,Mine - under development,"Nickel , Cobalt , PGE",,,,,,Other
Nepean,WA,-31.1637,121.0857,Mineral deposit,"Nickel , Cobalt , PGE",,,,,,Other
New Hope,QLD,-21.7293,140.494,Mineral deposit,Cobalt,,,,,,Rare Earth Elements (REE) and Specialty Elements
Nicholas Downs,WA,-22.7739,120.8943,Mine - care and maintenance,Manganese Ore,,,,,,Base Metals and Alloys
Nico Young,NSW,-34.1725,148.0808,Mineral deposit,"Nickel , Cobalt , PGE",,,,,,Other
Night Train,WA,-17.5804,123.1131,Mineral deposit,Titanium,,,,,,Base Metals and Alloys
Niobe,WA,-27.7076,117.2671,Mineral deposit,"Lithium , Tantalum , Niobium",,,,,,Other
NiWest,WA,-28.8633,121.793,Mineral deposit,"Nickel , Cobalt , PGE",,,,,,Other
NMBD,WA,-32.4504,119.6801,Mineral deposit,"Nickel , Cobalt , PGE",,,,,,Other
Nobles Nob,NT,-19.7115,134.2901,Mine - under development,"Bismuth , Cobalt , Indium",,,,,,Other
Nolans Bore,NT,-22.5821,133.2399,Mine - under development,Rare Earth Elements (REE),,,,,,Other
North Stanmore,WA,-27.3457,117.9099,Mineral deposit,Rare Earth Elements (REE),,,,,,Other
North Telfer,WA,-21.3780,122.2489,Mineral deposit,Cobalt,,,,,,Rare Earth Elements (REE) and Specialty Elements
Northcote,QLD,-17.0058,145.1571,Mine - under development,Antimony,,,,,,Rare Earth Elements (REE) and Specialty Elements
Northern Operations,WA,-31.1690,121.6514,Operating mine,"Nickel , Cobalt , PGE",,,,,,Other
Nova,WA,-29.9217,115.3661,Mineral deposit,Silicon,,,,,,"Silica, Graphite, and Fluorine"
Nova-Bollinger,WA,-31.8199,123.1924,Operating mine,"Nickel , Cobalt , PGE",,,,,,Other
Nyngan,NSW,-31.6090,146.9937,Mineral deposit,"Scandium , Cobalt , PGE , Nickel",,,,,,Other
Oakover,WA,-23.3066,120.6807,Mineral deposit,Manganese Ore,,,,,,Base Metals and Alloys
Oar,SA,-33.8036,135.5132,Mineral deposit,Graphite,,,,,,"Silica, Graphite, and Fluorine"
O'Callaghans,WA,-21.7921,122.2585,Mineral deposit,Tungsten,,,,,,Base Metals and Alloys
O'Connor,WA,-33.1871,122.8422,Mineral deposit,Rare Earth Elements (REE),,,,,,Other
Olympia,WA,-26.8204,122.1873,Mineral deposit,"Nickel , Cobalt , PGE",,,,,,Other
Olympic Dam,SA,-30.4403,136.8894,Operating mine,Rare Earth Elements (REE),,,,,,Other
Overlander,QLD,-21.0338,139.9095,Mineral deposit,Cobalt,,,,,,Rare Earth Elements (REE) and Specialty Elements
Owendale,NSW,-32.5750,147.3844,Mine - under development,"Scandium , Cobalt , PGE , Nickel",,,,,,Other
Pacific Express,NSW,-31.5205,152.7904,Mineral deposit,"Scandium , Cobalt , PGE , Nickel",,,,,,Other
Panton,WA,-17.7515,127.8316,Mineral deposit,"Platinum Group Elements (PGE) , Cobalt , Nickel",,,,,,Other
Parks Reef,WA,-26.8450,117.7392,Mineral deposit,"Platinum Group Elements (PGE) , Cobalt , Nickel",,,,,,Other
Peak Hill,WA,-25.4572,118.605,Mineral deposit,Manganese Ore,,,,,,Base Metals and Alloys
Peko Tailings,NT,-19.6782,134.2838,Operating mine,Cobalt,,,,,,Rare Earth Elements (REE) and Specialty Elements
Pelican,WA,-28.7789,122.5753,Mineral deposit,"Nickel , Cobalt , PGE",,,,,,Other
Perponda South,SA,-32.3074,138.4387,Mineral deposit,Titanium,,,,,,Base Metals and Alloys
Perry Creek,QLD,-18.7297,145.3347,Mineral deposit,Tungsten,,,,,,Base Metals and Alloys
Phoenix,NSW,-34.4685,143.3073,Mineral deposit,Titanium,,,,,,Base Metals and Alloys
Pilgangoora,WA,-21.0723,118.8953,Operating mine,"Lithium , Tantalum , Niobium",,,,,,Other
Pinnacles,QLD,-17.7021,145.1711,Mineral deposit,Fluorine,,,,,,"Silica, Graphite, and Fluorine"
Pinnacles,WA,-30.2758,122.3242,Mineral deposit,"Nickel , Cobalt , PGE",,,,,,Other
Pioneer,WA,-31.9697,121.6431,Mineral deposit,"Nickel , Cobalt , PGE",,,,,,Other
Pioneer Dome,WA,-31.9103,121.6376,Mineral deposit,"Lithium , Tantalum , Niobium",,,,,,Other
Portia,SA,-31.4339,140.4511,Mineral deposit,Cobalt,,,,,,Rare Earth Elements (REE) and Specialty Elements
Princhester,QLD,-22.8620,149.977,Mineral deposit,Magnesium,,,,,,Base Metals and Alloys
Prospect Ridge-Arthur River,TAS,-41.1813,145.4488,Mineral deposit,Magnesium,,,,,,Base Metals and Alloys
Pug Hill,SA,-30.3094,138.1136,Mineral deposit,Magnesium,,,,,,Base Metals and Alloys
Puwanapi,NT,-11.7400,130.07,Mineral deposit,Titanium,,,,,,Base Metals and Alloys
Pyke Hill,WA,-29.0521,122.1529,Mineral deposit,"Nickel , Cobalt , PGE",,,,,,Other
Quartz Hill,QLD,-18.0931,144.2399,Mineral deposit,Silicon,,,,,,"Silica, Graphite, and Fluorine"
Quicksilver,WA,-32.7435,118.6678,Mineral deposit,"Nickel , Cobalt , PGE",,,,,,Other
Radio Hill,WA,-20.9825,116.8648,Mine - care and maintenance,"Nickel , Cobalt , PGE",,,,,,Other
Range Well,WA,-26.8212,117.7396,Mineral deposit,"Chromium , Cobalt, , PGE , Nickel",,,,,,Other
Ravensthorpe,WA,-33.6421,120.3963,Operating mine,"Nickel , Cobalt , PGE",,,,,,Other
Renner West,NT,-18.3373,133.6545,Mineral deposit,Manganese Ore,,,,,,Base Metals and Alloys
Richmond,QLD,-20.4652,142.8024,Mine - under development,Vanadium,,,,,,Base Metals and Alloys
Ripon Hills,WA,-21.2145,120.7433,Mineral deposit,Manganese Ore,,,,,,Base Metals and Alloys
Riverina,WA,-29.7493,120.5596,Mineral deposit,"Nickel , Cobalt , PGE",,,,,,Other
Rocklands,QLD,-20.6724,140.3636,Mine - care and maintenance,Cobalt,,,,,,Rare Earth Elements (REE) and Specialty Elements
Rockley,NSW,-33.7168,149.5199,Mineral deposit,Silicon,,,,,,"Silica, Graphite, and Fluorine"
Rosie,WA,-27.6246,122.0143,Mineral deposit,"Nickel , Cobalt , PGE",,,,,,Other
Rover 1,NT,-20.0021,133.6567,Mine - under development,"Bismuth , Cobalt , Indium",,,,,,Other
Ruth Well,WA,-20.8684,116.8655,Mineral deposit,"Nickel , Cobalt , PGE",,,,,,Other
Saint Elmo,QLD,-20.5704,141.8848,Mine - under development,Vanadium,,,,,,Base Metals and Alloys
Saints,WA,-29.9986,121.1853,Mineral deposit,"Nickel , Cobalt , PGE",,,,,,Other
Samarkand,NT,-22.7322,136.0899,Mineral deposit,Tungsten,,,,,,Base Metals and Alloys
Savage River,TAS,-41.4880,145.2044,Operating mine,Vanadium,,,,,,Base Metals and Alloys
Savannah,WA,-17.3526,128.0277,Operating mine,"Nickel , Cobalt , PGE",,,,,,Other
Sconi,QLD,-18.9721,144.9267,Mine - under development,"Scandium , Cobalt , PGE , Nickel",,,,,,Other
Scott River,WA,-34.2601,115.3346,Mineral deposit,Titanium,,,,,,Base Metals and Alloys
Screechowl Creek,SA,-29.8941,137.6598,Mineral deposit,Magnesium,,,,,,Base Metals and Alloys
Seymour,TAS,-41.7451,148.2901,Mineral deposit,Fluorine,,,,,,"Silica, Graphite, and Fluorine"
Sherlock Bay,WA,-20.8112,117.5406,Mineral deposit,"Nickel , Cobalt , PGE",,,,,,Other
Si2 North,QLD,-15.0000,145.2,Mineral deposit,Silicon,,,,,,"Silica, Graphite, and Fluorine"
Siberia,WA,-30.2476,120.9321,Mineral deposit,"Scandium , Cobalt , PGE , Nickel",,,,,,Other
Sill 80,NT,-14.9372,134.0357,Operating mine,Titanium,,,,,,Base Metals and Alloys
Silver Knight,WA,-31.5915,123.441,Mineral deposit,"Nickel , Cobalt , PGE",,,,,,Other
Sinclair,WA,-28.3741,120.8645,Mineral deposit,"Nickel , Cobalt , PGE",,,,,,Other
Siviour,SA,-33.9180,136.4283,Mine - under development,Graphite,,,,,,"Silica, Graphite, and Fluorine"
Slopeaway,QLD,-22.9385,149.8306,Mineral deposit,"Nickel , Cobalt , PGE",,,,,,Other
Sonoran,SA,-30.9473,132.2968,Mineral deposit,Titanium,,,,,,Base Metals and Alloys
South Kambalda,WA,-31.6278,121.6613,Mine - care and maintenance,"Nickel , Cobalt , PGE",,,,,,Other
South Woodie Woodie,WA,-22.3405,121.2261,Mineral deposit,Manganese Ore,,,,,,Base Metals and Alloys
Spargoville,WA,-31.3181,121.4917,Mineral deposit,"Nickel , Cobalt , PGE",,,,,,Other
Sparkler A,WA,-34.3878,116.7146,Mineral deposit,Silicon,,,,,,"Silica, Graphite, and Fluorine"
Speewah,WA,-16.3614,127.9495,Mineral deposit,Titanium,,,,,,Base Metals and Alloys
Speewah Valley,WA,-16.4041,127.9782,Mineral deposit,Fluorine,,,,,,"Silica, Graphite, and Fluorine"
Spinifex Ridge,WA,-20.8875,120.1118,Mine - care and maintenance,"Molybdenum, Rhenium",,,,,,Other
Splinter Rock,WA,-33.3114,123.0831,Mineral deposit,Rare Earth Elements (REE),,,,,,Other
Split Rocks,WA,-31.7657,119.5868,Mineral deposit,"Lithium , Tantalum , Niobium",,,,,,Other
Spotted Quoll ,WA,-32.4782,119.6778,Operating mine,"Nickel , Cobalt , PGE",,,,,,Other
Springdale,WA,-33.8938,120.3748,Mineral deposit,Graphite,,,,,,"Silica, Graphite, and Fluorine"
St Dizier,TAS,-41.8239,145.1352,Mineral deposit,Tungsten,,,,,,Base Metals and Alloys
Stanton,NT,-16.7300,137.75,Mineral deposit,"Nickel , Cobalt , PGE",,,,,,Other
Stormont,TAS,-41.4978,146.037,Mineral deposit,"Bismuth , Cobalt , Indium",,,,,,Other
Sugarbag Hill ,Qld ,-18.4829,143.6457,Mineral deposit,Silicon,,,,,,"Silica, Graphite, and Fluorine"
Sunrise,NSW,-32.7567,147.4196,Mine - under development,"Scandium , Cobalt , PGE , Nickel",,,,,,Other
Tallebung,NSW,-32.7381,146.5807,Mineral deposit,Tungsten,,,,,,Base Metals and Alloys
Tambellup,WA,-34.0398,117.5314,Mineral deposit,High Purity Alumina,,,,,,Rare Earth Elements (REE) and Specialty Elements
Tampu,WA,-30.2232,117.8105,Mineral deposit,High Purity Alumina,,,,,,Rare Earth Elements (REE) and Specialty Elements
Termination Hill,SA,-30.2246,138.0242,Mineral deposit,Magnesium,,,,,,Base Metals and Alloys
The Horn,WA,-28.1674,120.9166,Mineral deposit,"Platinum Group Elements (PGE) , Cobalt , Nickel",,,,,,Other
Thuddungra,NSW,-34.1764,148.0505,Operating mine,Magnesium,,,,,,Base Metals and Alloys
Thunderbird,WA,-17.4317,122.9679,Operating mine,Titanium,,,,,,Base Metals and Alloys
Tiger,SA,-32.9114,134.738,Mineral deposit,High Purity Alumina,,,,,,Rare Earth Elements (REE) and Specialty Elements
TIO,QLD,-17.0960,144.2582,Mineral deposit,Titanium,,,,,,Base Metals and Alloys
Toolebuc,QLD,-20.4828,142.851,Mineral deposit,Vanadium,,,,,,Base Metals and Alloys
Torrington,NSW,-29.2697,151.6563,Mineral deposit,Tungsten,,,,,,Base Metals and Alloys
Tower,WA,-25.6230,117.154,Mineral deposit,Rare Earth Elements (REE),,,,,,Other
Tripitaka,SA,-31.5451,132.8047,Mineral deposit,Titanium,,,,,,Base Metals and Alloys
Triple Four,QLD,-22.8287,149.875,Mineral deposit,Magnesium,,,,,,Base Metals and Alloys
Trough Well,WA,-30.6732,118.8948,Mineral deposit,"Nickel , Cobalt , PGE",,,,,,Other
Typhoon,SA,-30.9319,132.2536,Mineral deposit,Titanium,,,,,,Base Metals and Alloys
Uley 2,SA,-34.7992,135.7019,Mine - under development,Graphite,,,,,,"Silica, Graphite, and Fluorine"
Unaly Hill,WA,-28.3742,118.947,Mineral deposit,Titanium,,,,,,Base Metals and Alloys
Unicorn,VIC,-36.3386,147.9896,Mineral deposit,"Molybdenum, Rhenium",,,,,,Other
Urquhart,QLD,-12.7500,141.8,Mineral deposit,Titanium,,,,,,Base Metals and Alloys
Venus ,WA,-27.8150,120.704,Operating mine,"Nickel , Cobalt , PGE",,,,,,Other
Victory Bore,WA,-28.2619,118.989,Mineral deposit,Vanadium,,,,,,Base Metals and Alloys
Vulcan,QLD,-21.0506,140.5476,Mineral deposit,Cobalt,,,,,,Rare Earth Elements (REE) and Specialty Elements
Walford Creek,QLD,-17.7858,138.2847,Mineral deposit,"Nickel , Cobalt , PGE",,,,,,Other
Waterloo,WA,-28.1438,120.978,Mine - care and maintenance,"Nickel , Cobalt , PGE",,,,,,Other
Watershed,QLD,-16.3393,144.8808,Mineral deposit,Tungsten,,,,,,Base Metals and Alloys
Wedderburn,VIC,-36.2167,143.6998,Mineral deposit,Titanium,,,,,,Base Metals and Alloys
West Eucla,WA,-32.1852,123.1998,Mineral deposit,Titanium,,,,,,Base Metals and Alloys
West Jordan,WA,-27.0167,120.4361,Mineral deposit,"Nickel , Cobalt , PGE",,,,,,Other
West Lynn,NSW,-31.4982,147.0391,Mineral deposit,"Nickel , Cobalt , PGE",,,,,,Other
West Mount Hut,SA,-30.0081,137.7763,Mineral deposit,Magnesium,,,,,,Base Metals and Alloys
West Orient,QLD,-17.3455,145.1841,Mineral deposit,Indium,,,,,,Rare Earth Elements (REE) and Specialty Elements
White Cloud,WA,-30.8363,117.6691,Mineral deposit,High Purity Alumina,,,,,,Rare Earth Elements (REE) and Specialty Elements
White Hill,WA,-26.7321,116.3843,Mineral deposit,Silicon,,,,,,"Silica, Graphite, and Fluorine"
White Rock,NSW,-34.4989,148.905,Mineral deposit,Tungsten,,,,,,Base Metals and Alloys
White Violet,NT,-22.7316,136.0725,Mineral deposit,Tungsten,,,,,,Base Metals and Alloys
Whitewash,QLD,-24.8065,150.875,Mineral deposit,"Molybdenum, Rhenium",,,,,,Other
Widgie North,WA,-31.4559,121.539,Mineral deposit,"Nickel , Cobalt , PGE",,,,,,Other
Widgie South,WA,-31.5191,121.5875,Mineral deposit,"Nickel , Cobalt , PGE",,,,,,Other
Wilco South,SA,-33.2969,136.444,Mineral deposit,Graphite,,,,,,"Silica, Graphite, and Fluorine"
Wilconi,WA,-26.6000,120.1965,Mineral deposit,"Nickel , Cobalt , PGE",,,,,,Other
Wim 100,VIC,-36.9572,141.9258,Mineral deposit,Titanium,,,,,,Base Metals and Alloys
Wim 150,VIC,-36.8043,142.3678,Mineral deposit,Titanium,,,,,,Base Metals and Alloys
Winchelsea Island,NT,-13.7690,136.508,Mineral deposit,Manganese Ore,,,,,,Base Metals and Alloys
Winchester,NSW,-33.3400,142.31,Mineral deposit,Titanium,,,,,,Base Metals and Alloys
Winchester,NT,-13.0462,131.0612,Mineral deposit,Magnesium,,,,,,Base Metals and Alloys
Windabout,SA,-31.3894,137.1333,Mineral deposit,Cobalt,,,,,,Rare Earth Elements (REE) and Specialty Elements
Windanya-Blue Dam,WA,-30.3800,121.2538,Mineral deposit,"Nickel , Cobalt , PGE",,,,,,Other
Windimurra,WA,-28.2916,118.53,Mine - care and maintenance,Vanadium,,,,,,Base Metals and Alloys
Wingellina,WA,-26.0396,128.9393,Mineral deposit,"Nickel , Cobalt , PGE",,,,,,Other
Witchelina,SA,-30.1176,137.9905,Mineral deposit,Magnesium,,,,,,Base Metals and Alloys
Wodgina,WA,-21.1746,118.6764,Operating mine,"Lithium , Tantalum , Niobium",,,,,,Other
Wolfram Camp,QLD,-17.0845,144.9694,Mine - care and maintenance,Tungsten,,,,,,Base Metals and Alloys
Wonnerup,WA,-33.6481,115.4567,Operating mine,Titanium,,,,,,Base Metals and Alloys
Woodie Woodie,WA,-21.6388,121.2355,Operating mine,Manganese Ore,,,,,,Base Metals and Alloys
Yaamba,QLD,-23.0786,150.301,Mineral deposit,Magnesium,,,,,,Base Metals and Alloys
Yabbie,NSW,-33.5200,142.5,Mineral deposit,Titanium,,,,,,Base Metals and Alloys
Yakabindie ,WA,-27.4555,120.5775,Operating mine,"Nickel , Cobalt , PGE",,,,,,Other
Yalbra,WA,-25.5611,116.3548,Mineral deposit,Graphite,,,,,,"Silica, Graphite, and Fluorine"
Yalyalup,WA,-33.6897,115.4723,Operating mine,Titanium,,,,,,Base Metals and Alloys
Yanco Glen,NSW,-31.6566,141.5385,Mineral deposit,Tungsten,,,,,,Base Metals and Alloys
Yangibana,WA,-23.9061,116.2959,Mine - under development,Rare Earth Elements (REE),,,,,,Other
Yarawindah Brook,WA,-31.0908,116.2609,Mineral deposit,"Platinum Group Elements (PGE) , Cobalt , Nickel",,,,,,Other
Yarrabubba,WA,-27.0244,118.7056,Mineral deposit,Titanium,,,,,,Base Metals and Alloys
Yeelirrie,WA,-27.1797,119.9045,Mineral deposit,Vanadium,,,,,,Base Metals and Alloys
Yendon,VIC,-37.6572,143.98,Mine - care and maintenance,High Purity Alumina,,,,,,Rare Earth Elements (REE) and Specialty Elements
Yeoval,NSW,-32.7299,148.642,Mineral deposit,"Molybdenum, Rhenium",,,,,,Other
Yerilla,WA,-29.4849,121.905,Mineral deposit,"Nickel , Cobalt , PGE",,,,,,Other
Youanmi,WA,-28.6089,118.7705,Mineral deposit,Titanium,,,,,,Base Metals and Alloys
Young Australian,QLD,-21.3378,140.4067,Mineral deposit,Cobalt,,,,,,Rare Earth Elements (REE) and Specialty Elements
Zeehan,TAS,-41.8720,145.326,Mineral deposit,Indium,,,,,,Rare Earth Elements (REE) and Specialty Elements
